time_min,conc_M
0,0.00303
30,0.002724
60,0.002566
120,0.002301
360,0.001364
720,0.000884
1440,0.000602
2880,0.000303
4320,0.000191
5760,0.000161